date,avg_temp_c,tmin_c,tmax_c,precip_mm,snow_mm,snow_depth_mm,wind_mps,wind_kph,gust_mps,gust_kph,wt01,wt02,wt03,wt04,wt06,wt08,wt09,wet_day,precip_bin,wind_bin
2022-01-01,11.6,10.0,13.9,19.3,0.0,0.0,2.8,10.08,7.6,27.36,1,1,0,0,0,0,0,1,High,Breeze
2022-01-02,11.4,3.9,15.6,1.0,0.0,0.0,4.3,15.48,14.8,53.28,1,1,0,0,0,0,0,1,Low,Breeze
2022-01-03,1.4,-4.3,3.9,0.0,0.0,0.0,6.4,23.040000000000003,15.2,54.72,0,0,0,0,0,0,0,0,Low,Windy
2022-01-04,-2.7,-6.0,2.2,0.0,0.0,0.0,3.9,14.04,12.1,43.56,0,0,0,0,0,0,0,0,Low,Breeze
2022-01-05,3.2,0.0,8.9,6.1,0.0,0.0,3.4,12.24,10.7,38.519999999999996,1,0,0,0,1,1,0,1,Medium,Breeze
2022-01-06,4.9,2.2,6.1,0.0,0.0,0.0,5.0,18.0,14.8,53.28,0,0,0,0,0,0,0,0,Low,Breeze
2022-01-07,0.7,-2.1,2.2,8.4,24.6,20.0,8.3,29.880000000000003,17.4,62.63999999999999,1,1,0,0,0,1,0,1,Medium,Windy
2022-01-08,-2.5,-4.9,0.0,0.0,0.0,13.0,4.8,17.28,15.7,56.519999999999996,0,0,0,0,0,0,0,0,Low,Breeze
2022-01-09,1.4,-1.0,5.6,2.8,0.0,8.0,4.9,17.64,12.1,43.56,1,0,0,0,0,0,0,1,Low,Breeze
2022-01-10,1.6,-3.2,5.6,0.0,0.0,0.0,7.5,27.0,15.7,56.519999999999996,0,0,0,0,0,0,0,0,Low,Windy
2022-01-11,-5.4,-8.2,-3.2,0.0,0.0,0.0,6.4,23.040000000000003,16.5,59.4,1,0,0,0,0,0,0,0,Low,Windy
2022-01-12,-1.9,-6.6,5.6,0.0,0.0,0.0,4.4,15.840000000000002,11.2,40.32,0,0,0,0,0,0,0,0,Low,Breeze
2022-01-13,4.0,0.6,7.8,0.0,0.0,0.0,2.6,9.360000000000001,7.6,27.36,0,0,0,0,0,0,0,0,Low,Calm
2022-01-14,4.8,-5.5,6.1,0.0,0.0,0.0,7.6,27.36,18.3,65.88000000000001,0,0,0,0,0,0,0,0,Low,Windy
2022-01-15,-6.7,-10.5,-5.5,0.0,0.0,0.0,5.8,20.88,13.9,50.04,0,0,0,0,0,0,0,0,Low,Windy
2022-01-16,-8.0,-12.1,4.4,9.1,1.5,0.0,5.5,19.8,13.0,46.800000000000004,1,0,0,0,0,0,0,1,Medium,Breeze
2022-01-17,3.9,1.7,7.8,26.9,0.0,0.0,8.6,30.96,19.2,69.12,1,0,0,0,0,1,0,1,High,Very Windy
2022-01-18,1.8,-0.5,3.3,0.0,0.0,0.0,8.4,30.240000000000002,19.2,69.12,0,0,0,0,0,0,0,0,Low,Very Windy
2022-01-19,3.2,-1.6,10.6,0.0,0.0,0.0,4.7,16.92,13.0,46.800000000000004,0,0,0,0,0,1,0,0,Low,Breeze
2022-01-20,5.1,-4.9,8.3,6.4,0.8,0.0,5.4,19.44,12.1,43.56,1,0,0,0,0,0,0,1,Medium,Breeze
2022-01-21,-6.0,-9.3,-4.9,0.0,0.0,0.0,6.2,22.32,13.9,50.04,0,0,0,0,0,0,0,0,Low,Windy
2022-01-22,-5.9,-9.9,-1.0,0.0,0.0,0.0,3.4,12.24,8.9,32.04,0,0,0,0,0,0,0,0,Low,Breeze
2022-01-23,-0.7,-3.2,3.3,0.3,0.5,0.0,4.2,15.120000000000001,12.1,43.56,1,0,0,0,0,1,0,1,Low,Breeze
2022-01-24,-0.2,-2.1,3.3,0.0,0.5,0.0,3.6,12.96,8.5,30.6,0,0,0,0,0,1,0,0,Low,Breeze
2022-01-25,3.6,-1.0,6.1,0.0,0.0,0.0,4.7,16.92,12.5,45.0,0,0,0,0,0,1,0,0,Low,Breeze
2022-01-26,-2.3,-6.0,-1.0,0.0,0.0,0.0,5.6,20.16,14.3,51.480000000000004,0,0,0,0,0,0,0,0,Low,Windy
2022-01-27,-4.2,-7.7,0.0,0.0,0.0,0.0,3.7,13.32,9.4,33.84,0,0,0,0,0,1,0,0,Low,Breeze
2022-01-28,0.1,-1.0,1.7,2.8,3.3,0.0,3.5,12.6,11.2,40.32,1,0,0,0,0,1,0,1,Low,Breeze
2022-01-29,-4.8,-9.3,-1.0,12.4,20.6,13.0,10.2,36.72,20.6,74.16000000000001,1,1,0,0,0,1,1,1,High,Very Windy
2022-01-30,-7.1,-9.9,-2.7,0.0,0.0,18.0,6.1,21.96,16.5,59.4,0,0,0,0,0,1,0,0,Low,Windy
2022-01-31,-3.4,-7.1,-1.0,0.0,0.0,15.0,2.9,10.44,7.2,25.92,0,0,0,0,0,0,0,0,Low,Breeze
2022-02-01,-1.7,-4.3,2.8,0.0,0.0,13.0,3.4,12.24,9.4,33.84,0,0,0,0,0,0,0,0,Low,Breeze
2022-02-02,2.3,-0.5,5.6,0.0,0.0,10.0,2.3,8.28,5.8,20.88,1,1,0,0,0,1,0,0,Low,Calm
2022-02-03,6.4,3.9,8.9,10.7,0.0,5.0,2.6,9.360000000000001,6.3,22.68,1,1,0,0,0,1,0,1,Medium,Calm
2022-02-04,5.8,-2.1,12.8,18.8,0.0,0.0,5.3,19.08,12.5,45.0,1,0,0,0,1,0,0,1,High,Breeze
2022-02-05,-2.8,-6.0,-1.6,0.0,0.0,0.0,7.9,28.44,16.1,57.96000000000001,0,0,0,0,0,0,0,0,Low,Windy
2022-02-06,-4.8,-8.2,0.0,0.0,0.0,0.0,3.2,11.520000000000001,8.1,29.16,0,0,0,0,0,0,0,0,Low,Breeze
2022-02-07,0.5,-0.5,4.4,3.8,0.0,0.0,3.1,11.16,7.6,27.36,1,0,0,1,0,1,0,1,Medium,Breeze
2022-02-08,4.1,1.1,8.3,2.0,0.0,0.0,5.7,20.52,14.3,51.480000000000004,1,0,0,0,0,0,0,1,Low,Windy
2022-02-09,2.8,-0.5,6.7,0.0,0.0,0.0,3.7,13.32,10.7,38.519999999999996,0,0,0,0,0,0,0,0,Low,Breeze
2022-02-10,6.3,1.1,13.3,0.0,0.0,0.0,4.4,15.840000000000002,16.1,57.96000000000001,1,0,0,0,0,1,0,0,Low,Breeze
2022-02-11,8.6,2.8,13.3,0.0,0.0,0.0,5.0,18.0,14.8,53.28,0,0,0,0,0,0,0,0,Low,Breeze
2022-02-12,11.8,5.6,15.6,0.0,0.0,0.0,5.9,21.240000000000002,14.8,53.28,0,0,0,0,0,0,0,0,Low,Windy
2022-02-13,2.8,-3.2,5.6,4.8,6.1,3.0,4.7,16.92,11.6,41.76,1,0,0,0,0,1,0,1,Medium,Breeze
2022-02-14,-4.3,-7.7,-2.7,0.0,0.0,5.0,7.9,28.44,15.2,54.72,0,0,0,0,0,0,0,0,Low,Windy
2022-02-15,-4.7,-7.7,0.0,0.0,0.0,0.0,4.9,17.64,11.2,40.32,0,0,0,0,0,0,0,0,Low,Breeze
2022-02-16,1.6,-2.7,8.3,0.0,0.0,0.0,4.5,16.2,11.2,40.32,0,0,0,0,0,0,0,0,Low,Breeze
2022-02-17,11.6,8.3,17.2,7.6,0.0,0.0,5.6,20.16,12.5,45.0,1,1,0,0,0,0,0,1,Medium,Windy
2022-02-18,9.9,-2.1,17.2,6.4,0.0,0.0,9.1,32.76,22.4,80.64,1,1,0,0,0,0,0,1,Medium,Very Windy
2022-02-19,0.1,-3.8,5.0,0.0,0.0,0.0,7.6,27.36,20.6,74.16000000000001,0,0,0,0,0,1,0,0,Low,Windy
2022-02-20,-2.6,-5.5,2.2,0.0,0.0,0.0,5.8,20.88,21.9,78.84,0,0,0,0,0,0,0,0,Low,Windy
2022-02-21,4.1,0.6,12.2,0.0,0.0,0.0,3.4,12.24,10.3,37.080000000000005,0,0,0,0,0,0,0,0,Low,Breeze
2022-02-22,5.6,2.2,13.3,5.8,0.0,0.0,4.5,16.2,13.9,50.04,1,1,0,0,0,1,0,1,Medium,Breeze
2022-02-23,14.4,2.2,20.0,0.0,0.0,0.0,6.4,23.040000000000003,17.9,64.44,0,0,0,0,0,0,0,0,Low,Windy
2022-02-24,1.1,-1.6,2.2,0.0,0.0,0.0,4.8,17.28,11.6,41.76,0,0,0,0,0,0,0,0,Low,Breeze
2022-02-25,0.8,-2.7,6.1,20.8,0.8,0.0,6.6,23.759999999999998,15.7,56.519999999999996,1,0,0,1,1,0,0,1,High,Windy
2022-02-26,-1.1,-4.3,3.3,0.0,0.0,0.0,5.0,18.0,14.3,51.480000000000004,0,0,0,0,0,1,0,0,Low,Breeze
2022-02-27,2.4,-1.0,8.9,0.0,0.0,0.0,7.2,25.92,19.2,69.12,0,0,0,0,0,0,0,0,Low,Windy
2022-02-28,0.8,-2.7,2.2,0.0,0.0,0.0,5.2,18.720000000000002,15.7,56.519999999999996,0,0,0,0,0,0,0,0,Low,Breeze
2022-03-01,2.6,-0.5,8.9,0.0,0.0,0.0,4.2,15.120000000000001,13.0,46.800000000000004,0,0,0,0,0,0,0,0,Low,Breeze
2022-03-02,7.7,4.4,11.7,0.0,0.0,0.0,4.7,16.92,10.3,37.080000000000005,0,0,0,0,0,0,0,0,Low,Breeze
2022-03-03,5.6,-3.8,8.9,0.8,0.0,0.0,8.2,29.52,17.0,61.2,0,0,0,0,0,0,0,1,Low,Windy
2022-03-04,-1.9,-5.5,3.3,0.0,0.0,0.0,4.2,15.120000000000001,11.2,40.32,0,0,0,0,0,0,0,0,Low,Breeze
2022-03-05,3.1,-0.5,7.2,0.0,0.0,0.0,3.0,10.8,10.3,37.080000000000005,0,0,0,0,0,0,0,0,Low,Breeze
2022-03-06,9.6,3.9,20.0,1.3,0.0,0.0,4.7,16.92,13.0,46.800000000000004,1,0,0,0,0,1,0,1,Low,Breeze
2022-03-07,18.2,10.0,23.3,1.3,0.0,0.0,6.2,22.32,25.0,90.0,1,0,0,0,0,0,0,1,Low,Windy
2022-03-08,8.7,4.4,10.0,0.0,0.0,0.0,8.2,29.52,20.6,74.16000000000001,0,0,0,0,0,0,0,0,Low,Windy
2022-03-09,3.2,0.6,5.0,14.7,1.5,0.0,4.4,15.840000000000002,9.4,33.84,1,0,0,1,0,0,0,1,High,Breeze
2022-03-10,4.0,0.0,10.0,0.0,0.0,0.0,2.5,9.0,6.7,24.12,1,1,0,0,0,1,0,0,Low,Calm
2022-03-11,7.2,2.2,11.7,0.0,0.0,0.0,3.1,11.16,9.4,33.84,1,0,0,0,0,1,0,0,Low,Breeze
2022-03-12,5.1,-3.8,8.3,11.9,2.3,0.0,8.4,30.240000000000002,21.5,77.4,1,1,0,1,0,1,0,1,High,Very Windy
2022-03-13,-2.3,-4.9,1.7,0.0,0.3,0.0,7.3,26.28,21.5,77.4,0,0,0,0,0,1,0,0,Low,Windy
2022-03-14,5.3,1.1,13.9,0.0,0.0,0.0,4.4,15.840000000000002,10.3,37.080000000000005,0,0,0,0,0,0,0,0,Low,Breeze
2022-03-15,11.6,7.8,20.0,0.0,0.0,0.0,4.1,14.76,13.0,46.800000000000004,0,0,0,0,0,0,0,0,Low,Breeze
2022-03-16,13.6,6.1,17.8,0.0,0.0,0.0,3.5,12.6,10.3,37.080000000000005,0,0,0,0,0,0,0,0,Low,Breeze
2022-03-17,8.2,5.6,12.8,2.8,0.0,0.0,4.1,14.76,8.5,30.6,1,1,0,0,0,1,0,1,Low,Breeze
2022-03-18,13.9,9.4,22.8,0.0,0.0,0.0,3.4,12.24,8.9,32.04,1,1,0,0,0,1,0,0,Low,Breeze
2022-03-19,13.1,7.8,20.0,1.8,0.0,0.0,3.3,11.879999999999999,8.5,30.6,1,1,1,0,0,1,0,1,Low,Breeze
2022-03-20,14.3,7.8,16.1,0.0,0.0,0.0,7.3,26.28,17.9,64.44,0,0,0,0,0,0,0,0,Low,Windy
2022-03-21,10.4,6.7,16.7,0.0,0.0,0.0,6.4,23.040000000000003,15.7,56.519999999999996,0,0,0,0,0,1,0,0,Low,Windy
2022-03-22,10.7,6.7,13.9,0.0,0.0,0.0,7.2,25.92,13.4,48.24,0,0,0,0,0,0,0,0,Low,Windy
2022-03-23,7.2,3.9,8.3,2.8,0.0,0.0,5.2,18.720000000000002,10.3,37.080000000000005,1,0,0,0,0,0,0,1,Low,Breeze
2022-03-24,5.7,3.9,8.3,25.9,0.0,0.0,7.6,27.36,15.2,54.72,1,0,0,0,0,0,0,1,High,Windy
2022-03-25,9.6,6.7,15.6,0.8,0.0,0.0,4.8,17.28,13.9,50.04,1,0,0,0,0,0,0,1,Low,Breeze
2022-03-26,10.4,6.1,11.7,1.0,0.0,0.0,5.5,19.8,14.3,51.480000000000004,0,0,1,0,0,0,0,1,Low,Breeze
2022-03-27,5.9,-1.0,7.2,0.0,0.0,0.0,8.2,29.52,17.0,61.2,0,0,0,0,0,0,0,0,Low,Windy
2022-03-28,-1.5,-4.3,0.0,0.0,0.0,0.0,9.9,35.64,18.8,67.68,0,0,0,0,0,0,0,0,Low,Very Windy
2022-03-29,-1.2,-3.8,2.8,0.0,0.0,0.0,8.5,30.6,15.7,56.519999999999996,0,0,0,0,0,0,0,0,Low,Very Windy
2022-03-30,2.6,-1.0,8.3,0.0,0.0,0.0,3.9,14.04,10.7,38.519999999999996,0,0,0,0,0,0,0,0,Low,Breeze
2022-03-31,9.9,5.6,17.8,1.3,0.0,0.0,4.8,17.28,14.3,51.480000000000004,1,1,0,0,0,1,0,1,Low,Breeze
2022-04-01,13.1,6.1,16.1,6.6,0.0,0.0,7.6,27.36,20.6,74.16000000000001,1,1,0,0,0,0,0,1,Medium,Windy
2022-04-02,7.2,3.9,12.8,0.0,0.0,0.0,6.1,21.96,16.1,57.96000000000001,0,0,0,0,0,0,0,0,Low,Windy
2022-04-03,7.0,5.0,7.8,2.3,0.0,0.0,4.0,14.4,14.8,53.28,1,0,0,0,0,0,0,1,Low,Breeze
2022-04-04,7.6,4.4,12.2,0.0,0.0,0.0,5.4,19.44,13.4,48.24,0,0,0,0,0,0,0,0,Low,Breeze
2022-04-05,9.7,6.7,12.8,1.5,0.0,0.0,3.4,12.24,8.9,32.04,1,0,0,0,0,0,0,1,Low,Breeze
2022-04-06,8.6,6.7,11.7,9.1,0.0,0.0,6.9,24.840000000000003,17.4,62.63999999999999,1,0,0,0,0,0,0,1,Medium,Windy
2022-04-07,9.1,7.8,13.3,24.6,0.0,0.0,7.5,27.0,22.4,80.64,1,1,1,0,0,1,0,1,High,Windy
2022-04-08,12.8,10.0,17.8,1.0,0.0,0.0,4.7,16.92,12.5,45.0,1,0,0,0,0,0,0,1,Low,Breeze
2022-04-09,11.4,8.9,13.3,0.5,0.0,0.0,4.4,15.840000000000002,13.9,50.04,0,0,0,0,0,1,0,1,Low,Breeze
2022-04-10,8.6,6.1,9.4,0.0,0.0,0.0,7.9,28.44,16.1,57.96000000000001,0,0,0,0,0,0,0,0,Low,Windy
2022-04-11,8.8,5.6,15.6,0.0,0.0,0.0,4.7,16.92,11.6,41.76,0,0,0,0,0,0,0,0,Low,Breeze
2022-04-12,13.4,10.0,21.7,1.0,0.0,0.0,3.3,11.879999999999999,9.4,33.84,1,0,0,0,0,0,0,1,Low,Breeze
2022-04-13,15.4,10.0,20.6,0.0,0.0,0.0,3.4,12.24,10.7,38.519999999999996,0,0,0,0,0,0,0,0,Low,Breeze
2022-04-14,16.3,12.8,21.7,2.8,0.0,0.0,4.9,17.64,16.1,57.96000000000001,0,0,1,0,0,1,0,1,Low,Breeze
2022-04-15,15.7,10.6,20.6,0.0,0.0,0.0,5.5,19.8,17.0,61.2,0,0,0,0,0,0,0,0,Low,Breeze
2022-04-16,15.7,7.2,21.1,3.6,0.0,0.0,5.6,20.16,14.3,51.480000000000004,1,0,1,0,0,0,0,1,Medium,Windy
2022-04-17,8.3,5.6,10.0,0.0,0.0,0.0,7.0,25.2,16.1,57.96000000000001,0,0,0,0,0,0,0,0,Low,Windy
2022-04-18,7.9,5.0,11.7,23.4,0.0,0.0,5.7,20.52,14.8,53.28,1,0,0,0,0,1,0,1,High,Windy
2022-04-19,7.6,4.4,10.0,29.0,0.0,0.0,8.8,31.680000000000003,18.3,65.88000000000001,1,0,0,0,0,0,0,1,High,Very Windy
2022-04-20,9.4,6.1,15.6,0.0,0.0,0.0,5.5,19.8,14.8,53.28,0,0,0,0,0,0,0,0,Low,Breeze
2022-04-21,10.6,7.2,15.0,0.0,0.0,0.0,5.4,19.44,16.1,57.96000000000001,0,0,0,0,0,0,0,0,Low,Breeze
2022-04-22,14.6,11.1,20.0,0.0,0.0,0.0,4.8,17.28,12.5,45.0,0,0,0,0,0,0,0,0,Low,Breeze
2022-04-23,13.3,10.0,16.1,0.0,0.0,0.0,3.1,11.16,8.5,30.6,0,0,0,0,0,1,0,0,Low,Breeze
2022-04-24,12.8,8.9,15.6,0.0,0.0,0.0,4.1,14.76,10.3,37.080000000000005,0,0,0,0,0,0,0,0,Low,Breeze
2022-04-25,10.4,7.8,14.4,0.0,0.0,0.0,4.2,15.120000000000001,8.9,32.04,0,0,0,0,0,0,0,0,Low,Breeze
2022-04-26,11.5,10.0,15.6,1.3,0.0,0.0,3.8,13.68,10.7,38.519999999999996,1,0,0,0,0,1,0,1,Low,Breeze
2022-04-27,11.6,5.6,15.0,0.0,0.0,0.0,9.6,34.56,17.4,62.63999999999999,1,0,0,0,0,0,0,0,Low,Very Windy
2022-04-28,8.2,5.0,13.3,0.0,0.0,0.0,9.3,33.480000000000004,18.3,65.88000000000001,0,0,0,0,0,0,0,0,Low,Very Windy
2022-04-29,10.4,5.6,16.7,0.0,0.0,0.0,7.7,27.720000000000002,15.7,56.519999999999996,0,0,0,0,0,0,0,0,Low,Windy
2022-04-30,12.9,8.3,19.4,0.0,0.0,0.0,3.6,12.96,9.4,33.84,0,0,0,0,0,0,0,0,Low,Breeze
2022-05-01,13.6,8.9,19.4,0.0,0.0,0.0,3.8,13.68,8.9,32.04,0,0,0,0,0,0,0,0,Low,Breeze
2022-05-02,12.1,10.0,13.9,8.9,0.0,0.0,4.3,15.48,10.3,37.080000000000005,1,0,1,0,0,1,0,1,Medium,Breeze
2022-05-03,12.4,10.0,16.1,0.0,0.0,0.0,4.5,16.2,10.3,37.080000000000005,1,0,0,0,0,0,0,0,Low,Breeze
2022-05-04,12.0,10.0,19.4,3.0,0.0,0.0,2.7,9.72,8.1,29.16,1,0,1,0,0,1,0,1,Medium,Calm
2022-05-05,17.2,13.3,21.7,0.0,0.0,0.0,4.1,14.76,9.4,33.84,0,0,0,0,0,0,0,0,Low,Breeze
2022-05-06,14.8,10.0,16.7,18.8,0.0,0.0,3.8,13.68,9.8,35.28,1,0,0,0,0,0,0,1,High,Breeze
2022-05-07,10.0,7.8,11.1,26.9,0.0,0.0,8.9,32.04,17.9,64.44,1,0,0,0,0,0,0,1,High,Very Windy
2022-05-08,10.4,7.8,15.0,0.5,0.0,0.0,8.0,28.8,16.1,57.96000000000001,0,0,0,0,0,0,0,1,Low,Windy
2022-05-09,13.5,8.3,20.6,0.0,0.0,0.0,7.0,25.2,12.5,45.0,0,0,0,0,0,0,0,0,Low,Windy
2022-05-10,15.4,11.7,21.7,0.0,0.0,0.0,6.4,23.040000000000003,14.8,53.28,0,0,0,0,0,0,0,0,Low,Windy
2022-05-11,16.1,11.7,24.4,0.0,0.0,0.0,4.1,14.76,11.2,40.32,0,0,0,0,0,0,0,0,Low,Breeze
2022-05-12,17.1,13.9,22.2,0.0,0.0,0.0,4.2,15.120000000000001,10.7,38.519999999999996,1,0,0,0,0,0,0,0,Low,Breeze
2022-05-13,16.0,13.3,18.9,0.0,0.0,0.0,3.9,14.04,10.3,37.080000000000005,1,1,0,0,0,1,0,0,Low,Breeze
2022-05-14,17.9,14.4,23.3,7.1,0.0,0.0,2.9,10.44,9.8,35.28,1,1,0,0,0,1,0,1,Medium,Breeze
2022-05-15,18.8,15.0,25.6,0.5,0.0,0.0,3.1,11.16,9.8,35.28,1,1,0,0,0,1,0,1,Low,Breeze
2022-05-16,20.4,16.7,23.9,11.9,0.0,0.0,4.6,16.56,17.9,64.44,1,0,1,0,0,1,0,1,High,Breeze
2022-05-17,19.7,15.0,25.6,0.0,0.0,0.0,7.0,25.2,19.2,69.12,0,0,0,0,0,0,0,0,Low,Windy
2022-05-18,17.8,13.9,22.8,0.0,0.0,0.0,4.9,17.64,11.2,40.32,0,0,0,0,0,0,0,0,Low,Breeze
2022-05-19,15.5,12.8,20.0,18.3,0.0,0.0,3.0,10.8,7.6,27.36,1,0,0,0,0,1,0,1,High,Breeze
2022-05-20,15.4,12.2,20.0,11.2,0.0,0.0,3.7,13.32,9.8,35.28,1,1,1,0,0,1,0,1,High,Breeze
2022-05-21,21.2,14.4,32.8,0.0,0.0,0.0,2.6,9.360000000000001,8.1,29.16,1,1,0,0,0,1,0,0,Low,Calm
2022-05-22,27.8,21.7,33.3,0.0,0.0,0.0,3.8,13.68,10.3,37.080000000000005,0,0,1,0,0,0,0,0,Low,Breeze
2022-05-23,21.0,16.7,22.8,0.0,0.0,0.0,5.0,18.0,12.1,43.56,0,0,0,0,0,0,0,0,Low,Breeze
2022-05-24,17.4,14.4,18.3,0.0,0.0,0.0,5.1,18.36,11.2,40.32,0,0,0,0,0,0,0,0,Low,Breeze
2022-05-25,16.2,12.8,21.1,0.0,0.0,0.0,3.6,12.96,9.4,33.84,0,0,0,0,0,0,0,0,Low,Breeze
2022-05-26,16.4,12.8,21.1,0.0,0.0,0.0,4.5,16.2,10.3,37.080000000000005,1,0,0,0,0,0,0,0,Low,Breeze
2022-05-27,20.2,17.8,26.1,4.1,0.0,0.0,4.4,15.840000000000002,12.5,45.0,1,1,1,0,0,1,0,1,Medium,Breeze
2022-05-28,20.4,17.2,25.0,6.9,0.0,0.0,3.5,12.6,18.3,65.88000000000001,1,1,1,0,0,0,0,1,Medium,Breeze
2022-05-29,20.7,16.7,26.1,0.0,0.0,0.0,2.6,9.360000000000001,9.8,35.28,0,0,0,0,0,0,0,0,Low,Calm
2022-05-30,23.3,18.3,30.0,0.0,0.0,0.0,3.6,12.96,10.3,37.080000000000005,0,0,0,0,0,0,0,0,Low,Breeze
2022-05-31,28.3,17.2,33.9,0.0,0.0,0.0,5.1,18.36,12.5,45.0,0,0,0,0,0,0,0,0,Low,Breeze
2022-06-01,17.8,15.0,19.4,21.3,0.0,0.0,5.1,18.36,11.6,41.76,1,0,1,0,0,0,0,1,High,Breeze
2022-06-02,20.3,16.7,28.3,13.2,0.0,0.0,3.1,11.16,15.7,56.519999999999996,1,0,1,0,0,0,0,1,High,Breeze
2022-06-03,19.5,16.1,23.9,0.0,0.0,0.0,3.8,13.68,8.1,29.16,1,1,0,0,0,1,0,0,Low,Breeze
2022-06-04,21.9,17.2,27.2,0.0,0.0,0.0,3.0,10.8,11.2,40.32,0,0,0,0,0,0,0,0,Low,Breeze
2022-06-05,20.0,15.6,24.4,0.0,0.0,0.0,3.2,11.520000000000001,10.3,37.080000000000005,0,0,0,0,0,0,0,0,Low,Breeze
2022-06-06,22.2,17.8,27.2,0.0,0.0,0.0,3.0,10.8,11.6,41.76,0,0,0,0,0,0,0,0,Low,Breeze
2022-06-07,21.8,18.3,25.6,1.3,0.0,0.0,6.9,24.840000000000003,16.5,59.4,0,0,0,0,0,0,0,1,Low,Windy
2022-06-08,23.7,19.4,29.4,0.0,0.0,0.0,4.1,14.76,11.2,40.32,1,0,0,0,0,0,0,0,Low,Breeze
2022-06-09,24.4,18.9,29.4,17.8,0.0,0.0,6.5,23.400000000000002,14.8,53.28,1,1,1,0,0,0,0,1,High,Windy
2022-06-10,21.8,17.8,26.7,0.0,0.0,0.0,4.4,15.840000000000002,11.6,41.76,0,0,0,0,0,1,0,0,Low,Breeze
2022-06-11,21.8,18.3,23.9,5.8,0.0,0.0,3.5,12.6,8.5,30.6,0,0,1,0,0,0,0,1,Medium,Breeze
2022-06-12,20.5,17.8,22.8,2.0,0.0,0.0,4.2,15.120000000000001,11.2,40.32,1,0,0,0,0,0,0,1,Low,Breeze
2022-06-13,24.2,20.6,30.0,0.0,0.0,0.0,2.4,8.64,9.4,33.84,1,1,1,0,0,1,0,0,Low,Calm
2022-06-14,23.9,19.4,28.3,0.0,0.0,0.0,2.9,10.44,7.6,27.36,0,0,0,0,0,0,0,0,Low,Breeze
2022-06-15,23.3,19.4,27.2,0.0,0.0,0.0,4.4,15.840000000000002,10.7,38.519999999999996,0,0,0,0,0,1,0,0,Low,Breeze
2022-06-16,20.3,17.2,22.8,7.1,0.0,0.0,5.5,19.8,13.4,48.24,1,0,1,0,0,0,0,1,Medium,Breeze
2022-06-17,25.2,21.1,33.3,0.0,0.0,0.0,5.6,20.16,15.2,54.72,0,0,0,0,0,0,0,0,Low,Windy
2022-06-18,21.7,15.0,25.0,0.0,0.0,0.0,8.4,30.240000000000002,18.3,65.88000000000001,0,0,0,0,0,0,0,0,Low,Very Windy
2022-06-19,17.3,13.3,23.3,0.0,0.0,0.0,7.2,25.92,16.1,57.96000000000001,0,0,0,0,0,0,0,0,Low,Windy
2022-06-20,20.5,16.1,26.1,0.0,0.0,0.0,4.0,14.4,9.8,35.28,0,0,0,0,0,0,0,0,Low,Breeze
2022-06-21,22.1,17.8,25.0,2.3,0.0,0.0,2.7,9.72,8.9,32.04,1,0,0,0,0,0,0,1,Low,Calm
2022-06-22,19.1,16.7,20.0,2.5,0.0,0.0,4.6,16.56,10.3,37.080000000000005,1,0,0,0,0,1,0,1,Low,Breeze
2022-06-23,19.2,15.6,23.9,0.0,0.0,0.0,3.8,13.68,11.2,40.32,1,0,0,0,0,0,0,0,Low,Breeze
2022-06-24,21.9,17.8,28.3,0.0,0.0,0.0,2.5,9.0,10.3,37.080000000000005,1,0,0,0,0,1,0,0,Low,Calm
2022-06-25,25.8,20.6,32.2,0.0,0.0,0.0,3.2,11.520000000000001,9.4,33.84,0,0,0,0,0,0,0,0,Low,Breeze
2022-06-26,27.0,21.7,32.8,0.0,0.0,0.0,4.0,14.4,13.9,50.04,0,0,0,0,0,0,0,0,Low,Breeze
2022-06-27,24.3,20.6,26.1,12.2,0.0,0.0,4.0,14.4,10.3,37.080000000000005,1,0,0,0,0,1,0,1,High,Breeze
2022-06-28,22.4,20.0,26.1,0.0,0.0,0.0,3.5,12.6,8.9,32.04,0,0,0,0,0,0,0,0,Low,Breeze
2022-06-29,23.9,18.9,30.0,0.0,0.0,0.0,3.2,11.520000000000001,10.7,38.519999999999996,0,0,0,0,0,1,0,0,Low,Breeze
2022-06-30,25.4,21.7,31.1,0.0,0.0,0.0,3.4,12.24,8.5,30.6,0,0,0,0,0,0,0,0,Low,Breeze
2022-07-01,28.1,23.9,35.0,0.0,0.0,0.0,4.7,16.92,13.9,50.04,0,0,1,0,0,1,0,0,Low,Breeze
2022-07-02,28.7,25.0,32.8,0.0,0.0,0.0,4.0,14.4,10.7,38.519999999999996,0,0,1,0,0,0,0,0,Low,Breeze
2022-07-03,26.9,23.3,31.1,0.0,0.0,0.0,3.7,13.32,10.3,37.080000000000005,0,0,0,0,0,0,0,0,Low,Breeze
2022-07-04,25.6,20.0,30.6,0.0,0.0,0.0,2.8,10.08,8.9,32.04,0,0,0,0,0,1,0,0,Low,Breeze
2022-07-05,25.9,22.8,31.1,2.0,0.0,0.0,5.5,19.8,13.9,50.04,1,0,0,0,0,0,0,1,Low,Breeze
2022-07-06,26.0,22.8,30.0,0.0,0.0,0.0,4.6,16.56,12.1,43.56,1,0,0,0,0,1,0,0,Low,Breeze
2022-07-07,24.2,21.1,27.8,0.0,0.0,0.0,4.7,16.92,10.3,37.080000000000005,0,0,0,0,0,0,0,0,Low,Breeze
2022-07-08,23.5,20.0,30.0,7.4,0.0,0.0,3.0,10.8,9.4,33.84,1,0,0,0,0,0,0,1,Medium,Breeze
2022-07-09,24.7,22.2,28.9,0.0,0.0,0.0,3.1,11.16,8.1,29.16,0,0,0,0,0,0,0,0,Low,Breeze
2022-07-10,23.4,20.0,27.8,0.0,0.0,0.0,4.7,16.92,9.8,35.28,0,0,0,0,0,0,0,0,Low,Breeze
2022-07-11,24.0,20.6,28.9,0.0,0.0,0.0,5.2,18.720000000000002,13.4,48.24,0,0,0,0,0,1,0,0,Low,Breeze
2022-07-12,25.8,21.7,32.8,0.0,0.0,0.0,5.5,19.8,11.6,41.76,0,0,0,0,0,0,0,0,Low,Breeze
2022-07-13,28.9,23.9,33.3,0.0,0.0,0.0,3.5,12.6,10.3,37.080000000000005,0,0,0,0,0,0,0,0,Low,Breeze
2022-07-14,26.6,22.2,32.2,0.0,0.0,0.0,3.4,12.24,8.9,32.04,0,0,0,0,0,0,0,0,Low,Breeze
2022-07-15,26.1,22.2,30.0,0.0,0.0,0.0,3.9,14.04,10.3,37.080000000000005,0,0,0,0,0,0,0,0,Low,Breeze
2022-07-16,24.3,20.6,28.9,14.0,0.0,0.0,3.5,12.6,18.3,65.88000000000001,1,1,1,0,0,1,0,1,High,Breeze
2022-07-17,25.7,22.8,28.9,0.0,0.0,0.0,3.2,11.520000000000001,8.9,32.04,0,0,0,0,0,0,0,0,Low,Breeze
2022-07-18,26.2,22.8,31.1,8.6,0.0,0.0,4.6,16.56,13.9,50.04,1,1,1,0,0,1,0,1,Medium,Breeze
2022-07-19,28.2,23.9,33.9,0.0,0.0,0.0,5.6,20.16,13.0,46.800000000000004,0,0,0,0,0,0,0,0,Low,Windy
2022-07-20,31.3,26.7,36.1,0.0,0.0,0.0,3.7,13.32,11.2,40.32,0,0,0,0,0,0,0,0,Low,Breeze
2022-07-21,29.8,23.3,36.1,14.5,0.0,0.0,4.7,16.92,18.3,65.88000000000001,1,0,1,0,0,0,0,1,High,Breeze
2022-07-22,30.9,26.1,35.6,0.0,0.0,0.0,3.5,12.6,13.9,50.04,0,0,0,0,0,0,0,0,Low,Breeze
2022-07-23,30.3,26.1,36.1,0.0,0.0,0.0,3.5,12.6,10.3,37.080000000000005,0,0,0,0,0,0,0,0,Low,Breeze
2022-07-24,31.1,27.8,36.7,0.0,0.0,0.0,4.9,17.64,11.2,40.32,0,0,0,0,0,0,0,0,Low,Breeze
2022-07-25,29.8,23.3,31.7,19.3,0.0,0.0,4.7,16.92,17.0,61.2,1,1,1,0,0,0,0,1,High,Breeze
2022-07-26,25.9,22.2,27.8,0.0,0.0,0.0,3.4,12.24,11.6,41.76,0,0,0,0,0,0,0,0,Low,Breeze
2022-07-27,25.5,21.1,30.0,0.0,0.0,0.0,3.6,12.96,9.8,35.28,0,0,0,0,0,0,0,0,Low,Breeze
2022-07-28,26.7,23.9,31.1,2.0,0.0,0.0,4.3,15.48,10.7,38.519999999999996,1,0,1,0,0,1,0,1,Low,Breeze
2022-07-29,28.2,23.9,30.6,0.5,0.0,0.0,3.5,12.6,8.9,32.04,1,0,0,0,0,0,0,1,Low,Breeze
2022-07-30,26.7,23.3,31.1,0.0,0.0,0.0,4.7,16.92,11.6,41.76,0,0,0,0,0,0,0,0,Low,Breeze
2022-07-31,26.3,22.2,30.6,0.0,0.0,0.0,3.4,12.24,9.4,33.84,0,0,0,0,0,0,0,0,Low,Breeze
2022-08-01,23.1,20.0,26.1,10.4,0.0,0.0,3.1,11.16,11.2,40.32,1,0,0,0,0,1,0,1,Medium,Breeze
2022-08-02,26.4,21.7,33.9,0.0,0.0,0.0,3.6,12.96,9.4,33.84,0,0,0,0,0,0,0,0,Low,Breeze
2022-08-03,27.6,23.3,33.3,0.0,0.0,0.0,3.9,14.04,9.8,35.28,0,0,0,0,0,0,0,0,Low,Breeze
2022-08-04,29.1,26.1,34.4,0.0,0.0,0.0,4.2,15.120000000000001,12.5,45.0,0,0,0,0,0,0,0,0,Low,Breeze
2022-08-05,29.3,26.7,34.4,0.0,0.0,23.0,3.6,12.96,9.8,35.28,0,0,0,0,0,0,0,0,Low,Breeze
2022-08-06,29.6,26.1,34.4,0.0,0.0,0.0,4.2,15.120000000000001,11.6,41.76,0,0,0,0,0,0,0,0,Low,Breeze
2022-08-07,29.6,25.0,33.9,15.5,0.0,0.0,4.8,17.28,14.8,53.28,1,0,1,0,0,0,0,1,High,Breeze
2022-08-08,30.3,26.7,34.4,0.0,0.0,0.0,5.5,19.8,11.6,41.76,0,0,0,0,0,0,0,0,Low,Breeze
2022-08-09,31.3,26.7,36.7,1.3,0.0,0.0,4.0,14.4,17.0,61.2,0,0,1,0,0,0,0,1,Low,Breeze
2022-08-10,27.2,23.9,30.0,0.0,0.0,0.0,3.8,13.68,8.5,30.6,0,0,0,0,0,0,0,0,Low,Breeze
2022-08-11,26.6,23.3,32.8,3.3,0.0,0.0,3.3,11.879999999999999,8.9,32.04,1,0,0,0,0,0,0,1,Medium,Breeze
2022-08-12,25.6,22.2,29.4,0.0,0.0,0.0,5.0,18.0,11.2,40.32,0,0,0,0,0,0,0,0,Low,Breeze
2022-08-13,23.1,18.9,26.7,0.0,0.0,0.0,4.0,14.4,10.3,37.080000000000005,0,0,0,0,0,0,0,0,Low,Breeze
2022-08-14,24.0,21.1,28.3,0.0,0.0,0.0,3.9,14.04,11.2,40.32,0,0,0,0,0,0,0,0,Low,Breeze
2022-08-15,24.3,21.7,28.3,0.0,0.0,0.0,2.9,10.44,9.8,35.28,0,0,0,0,0,0,0,0,Low,Breeze
2022-08-16,23.6,19.4,28.9,0.0,0.0,0.0,3.8,13.68,10.7,38.519999999999996,0,0,0,0,0,0,0,0,Low,Breeze
2022-08-17,23.6,20.0,27.8,7.9,0.0,0.0,3.0,10.8,12.1,43.56,1,0,1,0,0,1,0,1,Medium,Breeze
2022-08-18,24.1,20.0,31.1,0.0,0.0,0.0,3.4,12.24,9.4,33.84,0,0,0,0,0,0,0,0,Low,Breeze
2022-08-19,26.3,22.8,32.2,0.0,0.0,0.0,3.6,12.96,12.1,43.56,0,0,0,0,0,0,0,0,Low,Breeze
2022-08-20,27.9,24.4,32.8,0.0,0.0,0.0,3.2,11.520000000000001,11.2,40.32,0,0,0,0,0,0,0,0,Low,Breeze
2022-08-21,25.3,22.8,28.3,0.0,0.0,0.0,3.9,14.04,8.9,32.04,0,0,0,0,0,0,0,0,Low,Breeze
2022-08-22,24.5,22.8,27.2,6.1,0.0,0.0,3.4,12.24,9.4,33.84,1,0,1,0,0,0,0,1,Medium,Breeze
2022-08-23,25.9,22.8,31.1,0.0,0.0,0.0,3.9,14.04,11.6,41.76,1,0,0,0,0,1,0,0,Low,Breeze
2022-08-24,26.9,23.3,32.2,0.0,0.0,0.0,4.0,14.4,9.4,33.84,0,0,0,0,0,0,0,0,Low,Breeze
2022-08-25,28.1,23.9,32.8,0.0,0.0,0.0,3.3,11.879999999999999,10.7,38.519999999999996,0,0,0,0,0,0,0,0,Low,Breeze
2022-08-26,27.4,25.6,31.1,7.1,0.0,0.0,4.0,14.4,11.2,40.32,1,1,1,0,0,0,0,1,Medium,Breeze
2022-08-27,27.8,23.9,31.1,0.0,0.0,0.0,3.0,10.8,8.1,29.16,0,0,0,0,0,0,0,0,Low,Breeze
2022-08-28,24.6,22.8,26.7,0.0,0.0,0.0,4.7,16.92,9.8,35.28,0,0,0,0,0,0,0,0,Low,Breeze
2022-08-29,26.0,23.9,30.6,0.0,0.0,0.0,4.6,16.56,12.1,43.56,0,0,0,0,0,0,0,0,Low,Breeze
2022-08-30,26.8,23.9,31.7,1.0,0.0,0.0,5.1,18.36,14.8,53.28,1,0,0,0,0,0,0,1,Low,Breeze
2022-08-31,25.6,22.2,29.4,0.0,0.0,0.0,5.3,19.08,13.9,50.04,1,0,0,0,0,0,0,0,Low,Breeze
2022-09-01,25.9,20.6,30.0,0.0,0.0,0.0,5.8,20.88,12.1,43.56,0,0,0,0,0,1,0,0,Low,Windy
2022-09-02,21.7,17.2,25.6,0.0,0.0,0.0,4.4,15.840000000000002,8.9,32.04,0,0,0,0,0,0,0,0,Low,Breeze
2022-09-03,22.8,20.0,27.8,0.0,0.0,0.0,3.1,11.16,8.5,30.6,0,0,0,0,0,0,0,0,Low,Breeze
2022-09-04,25.3,22.8,31.7,0.0,0.0,0.0,3.0,10.8,8.9,32.04,0,0,0,0,0,0,0,0,Low,Breeze
2022-09-05,25.8,23.3,30.6,0.3,0.0,0.0,3.9,14.04,10.3,37.080000000000005,1,0,0,0,0,0,0,1,Low,Breeze
2022-09-06,23.3,20.0,24.4,29.5,0.0,0.0,3.8,13.68,12.5,45.0,1,0,0,0,0,1,0,1,High,Breeze
2022-09-07,20.8,19.4,23.3,0.0,0.0,0.0,6.0,21.6,13.0,46.800000000000004,1,0,0,0,0,1,0,0,Low,Windy
2022-09-08,21.8,18.3,25.6,0.0,0.0,0.0,3.5,12.6,9.4,33.84,0,0,0,0,0,0,0,0,Low,Breeze
2022-09-09,21.9,17.8,27.2,0.0,0.0,0.0,4.0,14.4,9.8,35.28,0,0,0,0,0,0,0,0,Low,Breeze
2022-09-10,23.6,20.0,30.0,0.0,0.0,0.0,2.7,9.72,8.9,32.04,0,0,0,0,0,0,0,0,Low,Calm
2022-09-11,23.2,19.4,25.0,6.9,0.0,0.0,2.6,9.360000000000001,7.6,27.36,1,0,0,0,0,0,0,1,Medium,Calm
2022-09-12,22.4,20.6,27.8,23.6,0.0,0.0,3.0,10.8,8.1,29.16,1,1,1,0,0,0,0,1,High,Breeze
2022-09-13,24.7,20.0,28.9,42.9,0.0,0.0,4.3,15.48,13.4,48.24,1,0,1,0,0,0,0,1,High,Breeze
2022-09-14,22.9,18.3,26.7,0.0,0.0,0.0,5.2,18.720000000000002,11.6,41.76,0,0,0,0,0,0,0,0,Low,Breeze
2022-09-15,21.8,18.3,23.3,0.0,0.0,0.0,4.8,17.28,13.0,46.800000000000004,0,0,0,0,0,0,0,0,Low,Breeze
2022-09-16,19.6,15.0,25.0,0.0,0.0,0.0,2.6,9.360000000000001,6.3,22.68,0,0,0,0,0,0,0,0,Low,Calm
2022-09-17,20.8,18.3,23.3,0.0,0.0,0.0,4.2,15.120000000000001,10.3,37.080000000000005,0,0,0,0,0,0,0,0,Low,Breeze
2022-09-18,23.4,20.0,29.4,0.0,0.0,0.0,5.0,18.0,11.2,40.32,0,0,0,0,0,0,0,0,Low,Breeze
2022-09-19,25.6,21.7,30.0,1.8,0.0,0.0,4.3,15.48,16.5,59.4,1,0,1,0,0,0,0,1,Low,Breeze
2022-09-20,23.2,20.6,26.1,0.0,0.0,0.0,5.2,18.720000000000002,13.0,46.800000000000004,0,0,0,0,0,0,0,0,Low,Breeze
2022-09-21,22.0,18.3,27.2,0.0,0.0,0.0,3.3,11.879999999999999,9.4,33.84,0,0,0,0,0,0,0,0,Low,Breeze
2022-09-22,21.8,14.4,25.6,4.3,0.0,0.0,6.2,22.32,17.0,61.2,1,1,1,0,0,0,0,1,Medium,Windy
2022-09-23,15.1,11.1,17.8,0.0,0.0,0.0,8.8,31.680000000000003,16.1,57.96000000000001,0,0,0,0,0,0,0,0,Low,Very Windy
2022-09-24,14.5,10.6,21.7,0.0,0.0,0.0,4.3,15.48,11.2,40.32,0,0,0,0,0,0,0,0,Low,Breeze
2022-09-25,19.2,16.1,25.0,19.8,0.0,0.0,4.3,15.48,14.3,51.480000000000004,1,0,1,0,0,0,0,1,High,Breeze
2022-09-26,19.4,15.6,25.6,0.0,0.0,0.0,4.9,17.64,13.4,48.24,0,0,0,0,0,0,0,0,Low,Breeze
2022-09-27,19.7,16.7,21.7,0.0,0.0,0.0,4.3,15.48,11.6,41.76,0,0,0,0,0,0,0,0,Low,Breeze
2022-09-28,17.2,12.8,21.1,0.0,0.0,0.0,4.5,16.2,9.8,35.28,0,0,0,0,0,0,0,0,Low,Breeze
2022-09-29,16.6,13.3,19.4,0.0,0.0,0.0,5.1,18.36,11.2,40.32,0,0,0,0,0,0,0,0,Low,Breeze
2022-09-30,14.5,11.7,17.8,0.0,0.0,0.0,5.6,20.16,10.3,37.080000000000005,0,0,0,0,0,0,0,0,Low,Windy
2022-10-01,14.8,11.7,17.2,16.8,0.0,0.0,7.8,28.08,16.1,57.96000000000001,1,0,0,0,0,0,0,1,High,Windy
2022-10-02,15.2,11.7,16.7,1.8,0.0,0.0,10.2,36.72,21.0,75.60000000000001,1,0,0,0,0,1,0,1,Low,Very Windy
2022-10-03,11.5,9.4,12.8,11.4,0.0,0.0,8.4,30.240000000000002,16.1,57.96000000000001,1,0,0,0,0,0,0,1,High,Very Windy
2022-10-04,10.3,7.8,15.0,45.0,0.0,0.0,7.0,25.2,13.4,48.24,1,0,1,0,0,1,0,1,High,Windy
2022-10-05,13.8,12.2,15.0,10.7,0.0,0.0,4.8,17.28,9.8,35.28,1,0,1,0,0,0,0,1,Medium,Breeze
2022-10-06,17.6,13.9,24.4,0.0,0.0,0.0,1.7,6.12,6.3,22.68,0,0,0,0,0,0,0,0,Low,Calm
2022-10-07,20.3,15.0,25.6,0.0,0.0,0.0,3.9,14.04,11.2,40.32,0,0,0,0,0,0,0,0,Low,Breeze
2022-10-08,13.9,10.0,15.0,0.5,0.0,0.0,4.8,17.28,11.6,41.76,0,0,0,0,0,0,0,1,Low,Breeze
2022-10-09,12.3,7.8,17.8,0.0,0.0,0.0,3.5,12.6,10.7,38.519999999999996,0,0,0,0,0,0,0,0,Low,Breeze
2022-10-10,15.8,11.7,20.6,0.0,0.0,0.0,3.3,11.879999999999999,10.3,37.080000000000005,0,0,0,0,0,0,0,0,Low,Breeze
2022-10-11,17.0,12.2,22.2,0.0,0.0,0.0,2.5,9.0,8.1,29.16,0,0,0,0,0,0,0,0,Low,Calm
2022-10-12,17.9,14.4,21.1,0.0,0.0,0.0,3.5,12.6,11.6,41.76,1,0,0,0,0,0,0,0,Low,Breeze
2022-10-13,18.7,12.8,21.7,19.8,0.0,0.0,5.5,19.8,14.3,51.480000000000004,1,0,1,0,0,0,0,1,High,Breeze
2022-10-14,15.7,11.7,20.6,5.1,0.0,0.0,3.7,13.32,11.6,41.76,1,0,0,0,0,1,0,1,Medium,Breeze
2022-10-15,16.2,11.7,20.6,0.0,0.0,0.0,3.6,12.96,12.5,45.0,0,0,0,0,0,0,0,0,Low,Breeze
2022-10-16,16.1,12.2,19.4,0.0,0.0,0.0,1.9,6.84,6.3,22.68,0,0,0,0,0,0,0,0,Low,Calm
2022-10-17,16.6,13.9,20.0,3.3,0.0,0.0,3.4,12.24,9.8,35.28,1,0,0,0,0,0,0,1,Medium,Breeze
2022-10-18,12.6,9.4,14.4,0.0,0.0,0.0,4.9,17.64,11.6,41.76,0,0,0,0,0,0,0,0,Low,Breeze
2022-10-19,10.0,6.7,12.8,0.0,0.0,0.0,5.0,18.0,13.0,46.800000000000004,0,0,0,0,0,0,0,0,Low,Breeze
2022-10-20,11.1,7.2,15.6,0.0,0.0,0.0,5.5,19.8,13.0,46.800000000000004,0,0,0,0,0,0,0,0,Low,Breeze
2022-10-21,13.4,9.4,17.8,0.0,0.0,0.0,2.4,8.64,7.6,27.36,0,0,0,0,0,1,0,0,Low,Calm
2022-10-22,14.4,10.0,19.4,0.0,0.0,0.0,2.0,7.2,7.2,25.92,0,0,0,0,0,0,0,0,Low,Calm
2022-10-23,14.7,13.3,16.7,0.0,0.0,0.0,6.0,21.6,13.4,48.24,0,0,0,0,0,0,0,0,Low,Windy
2022-10-24,14.1,12.8,16.7,11.7,0.0,0.0,5.9,21.240000000000002,11.6,41.76,1,0,0,0,0,1,0,1,High,Windy
2022-10-25,16.9,16.1,19.4,0.3,0.0,0.0,3.3,11.879999999999999,7.2,25.92,1,1,0,0,0,0,0,1,Low,Breeze
2022-10-26,18.3,16.7,23.3,0.0,0.0,0.0,2.9,10.44,11.2,40.32,1,1,0,0,0,1,0,0,Low,Breeze
2022-10-27,16.9,11.1,18.3,0.0,0.0,0.0,6.2,22.32,13.0,46.800000000000004,0,0,0,0,0,0,0,0,Low,Windy
2022-10-28,11.3,7.8,14.4,0.0,0.0,0.0,4.7,16.92,12.1,43.56,0,0,0,0,0,0,0,0,Low,Breeze
2022-10-29,10.8,7.2,15.0,0.0,0.0,0.0,2.6,9.360000000000001,8.1,29.16,0,0,0,0,0,0,0,0,Low,Calm
2022-10-30,12.5,8.3,17.8,0.0,0.0,0.0,1.7,6.12,6.7,24.12,1,0,0,0,0,0,0,0,Low,Calm
2022-10-31,14.4,11.1,18.9,1.8,0.0,0.0,2.7,9.72,7.6,27.36,1,0,0,0,0,0,0,1,Low,Calm
2022-11-01,16.9,15.0,19.4,4.1,0.0,0.0,3.9,14.04,8.5,30.6,1,0,0,0,0,1,0,1,Medium,Breeze
2022-11-02,17.6,13.9,21.7,0.0,0.0,0.0,2.7,9.72,8.9,32.04,0,0,0,0,0,0,0,0,Low,Calm
2022-11-03,15.7,11.7,20.0,0.0,0.0,0.0,2.3,8.28,7.2,25.92,0,0,0,0,0,0,0,0,Low,Calm
2022-11-04,15.2,11.1,22.2,0.0,0.0,0.0,2.7,9.72,8.1,29.16,1,1,0,0,0,1,0,0,Low,Calm
2022-11-05,19.4,17.2,23.9,0.0,0.0,0.0,4.7,16.92,12.1,43.56,0,0,0,0,0,0,0,0,Low,Breeze
2022-11-06,19.8,17.2,23.9,0.3,0.0,0.0,3.5,12.6,8.5,30.6,0,0,0,0,0,0,0,1,Low,Breeze
2022-11-07,21.3,13.3,25.6,0.5,0.0,0.0,5.8,20.88,14.8,53.28,0,0,0,0,0,0,0,1,Low,Windy
2022-11-08,13.2,8.3,14.4,0.0,0.0,0.0,6.1,21.96,12.5,45.0,0,0,0,0,0,0,0,0,Low,Windy
2022-11-09,8.7,5.0,12.2,0.0,0.0,0.0,3.3,11.879999999999999,9.8,35.28,0,0,0,0,0,0,0,0,Low,Breeze
2022-11-10,12.6,8.9,19.4,0.0,0.0,0.0,2.6,9.360000000000001,7.2,25.92,0,0,0,0,0,0,0,0,Low,Calm
2022-11-11,16.4,13.9,20.6,31.2,0.0,0.0,4.2,15.120000000000001,17.4,62.63999999999999,1,0,0,0,0,0,0,1,High,Breeze
2022-11-12,19.7,16.1,20.6,2.3,0.0,0.0,5.5,19.8,14.8,53.28,1,0,0,0,0,0,0,1,Low,Breeze
2022-11-13,12.9,6.1,16.7,0.5,0.0,0.0,6.9,24.840000000000003,15.2,54.72,1,0,0,0,0,0,0,1,Low,Windy
2022-11-14,6.3,3.3,7.8,0.0,0.0,0.0,5.9,21.240000000000002,15.2,54.72,0,0,0,0,0,0,0,0,Low,Windy
2022-11-15,4.9,2.2,8.9,12.4,0.0,0.0,5.6,20.16,16.1,57.96000000000001,1,0,0,0,0,0,0,1,High,Windy
2022-11-16,7.3,3.9,10.6,5.1,0.0,0.0,7.6,27.36,16.1,57.96000000000001,1,0,0,0,0,0,0,1,Medium,Windy
2022-11-17,5.7,3.9,8.3,0.0,0.0,0.0,7.0,25.2,14.8,53.28,0,0,0,0,0,0,0,0,Low,Windy
2022-11-18,4.5,2.2,6.7,0.0,0.0,0.0,7.2,25.92,14.8,53.28,1,0,0,0,0,0,0,0,Low,Windy
2022-11-19,2.8,0.0,5.0,0.0,0.0,0.0,5.0,18.0,13.0,46.800000000000004,0,0,0,0,0,0,0,0,Low,Breeze
2022-11-20,2.7,-0.5,4.4,0.0,0.0,0.0,8.2,29.52,18.8,67.68,0,0,0,0,0,0,0,0,Low,Windy
2022-11-21,1.1,-1.6,5.6,0.0,0.0,0.0,5.1,18.36,14.3,51.480000000000004,0,0,0,0,0,1,0,0,Low,Breeze
2022-11-22,6.6,3.9,10.6,0.0,0.0,0.0,4.0,14.4,10.3,37.080000000000005,0,0,0,0,0,0,0,0,Low,Breeze
2022-11-23,9.4,6.1,12.8,0.0,0.0,0.0,3.4,12.24,9.4,33.84,0,0,0,0,0,0,0,0,Low,Breeze
2022-11-24,8.1,5.0,11.7,0.0,0.0,0.0,2.8,10.08,6.7,24.12,0,0,0,0,0,0,0,0,Low,Breeze
2022-11-25,10.0,8.3,13.3,0.0,0.0,0.0,6.0,21.6,17.9,64.44,1,0,0,0,0,1,0,0,Low,Windy
2022-11-26,9.3,6.7,13.9,0.0,0.0,0.0,5.9,21.240000000000002,14.8,53.28,0,0,0,0,0,0,0,0,Low,Windy
2022-11-27,10.7,9.4,16.1,13.7,0.0,0.0,4.8,17.28,15.7,56.519999999999996,1,0,0,0,0,1,0,1,High,Breeze
2022-11-28,12.2,5.6,13.3,0.0,0.0,0.0,7.2,25.92,16.5,59.4,0,0,0,0,0,1,0,0,Low,Windy
2022-11-29,5.4,3.3,6.7,0.0,0.0,0.0,2.7,9.72,8.9,32.04,0,0,0,0,0,0,0,0,Low,Calm
2022-11-30,8.4,3.9,15.0,10.9,0.0,0.0,6.5,23.400000000000002,21.5,77.4,1,0,0,0,0,0,0,1,High,Windy
2022-12-01,5.7,2.2,6.7,0.0,0.0,0.0,7.6,27.36,15.2,54.72,0,0,0,0,0,0,0,0,Low,Windy
2022-12-02,3.4,1.1,7.2,0.0,0.0,0.0,3.0,10.8,8.9,32.04,0,0,0,0,0,0,0,0,Low,Breeze
2022-12-03,10.6,7.2,15.0,10.4,0.0,0.0,5.8,20.88,18.8,67.68,1,0,0,0,0,0,0,1,Medium,Windy
2022-12-04,7.0,3.9,7.8,0.0,0.0,0.0,4.3,15.48,13.9,50.04,0,0,0,0,0,0,0,0,Low,Breeze
2022-12-05,5.4,2.2,8.3,0.0,0.0,0.0,2.4,8.64,6.7,24.12,0,0,0,0,0,0,0,0,Low,Calm
2022-12-06,9.3,5.0,15.6,19.8,0.0,0.0,4.6,16.56,14.3,51.480000000000004,1,0,0,0,0,1,0,1,High,Breeze
2022-12-07,13.8,12.8,15.0,9.1,0.0,0.0,3.8,13.68,13.4,48.24,1,1,0,0,0,0,0,1,Medium,Breeze
2022-12-08,11.6,5.6,13.3,0.0,0.0,0.0,5.2,18.720000000000002,11.2,40.32,1,0,0,0,0,1,0,0,Low,Breeze
2022-12-09,5.3,2.2,7.2,0.0,0.0,0.0,5.0,18.0,10.7,38.519999999999996,0,0,0,0,0,0,0,0,Low,Breeze
2022-12-10,2.2,-0.5,3.9,0.0,0.0,0.0,4.7,16.92,11.2,40.32,0,0,0,0,0,0,0,0,Low,Breeze
2022-12-11,3.4,0.6,5.0,6.4,0.3,0.0,5.7,20.52,10.7,38.519999999999996,1,0,0,1,0,0,0,1,Medium,Windy
2022-12-12,1.6,-1.0,3.3,0.0,0.8,0.0,5.2,18.720000000000002,11.2,40.32,1,0,0,0,0,0,0,0,Low,Breeze
2022-12-13,0.3,-2.7,5.0,0.0,0.0,0.0,5.1,18.36,10.7,38.519999999999996,0,0,0,0,0,0,0,0,Low,Breeze
2022-12-14,1.7,0.0,4.4,0.0,0.0,0.0,6.0,21.6,12.5,45.0,0,0,0,0,0,0,0,0,Low,Windy
2022-12-15,2.7,0.6,6.7,15.0,0.0,0.0,6.3,22.68,16.5,59.4,1,0,0,0,0,0,0,1,High,Windy
2022-12-16,6.2,3.9,8.3,13.7,0.0,0.0,9.1,32.76,17.4,62.63999999999999,1,0,0,0,0,0,0,1,High,Very Windy
2022-12-17,5.0,2.8,7.2,0.0,0.0,0.0,6.7,24.12,13.0,46.800000000000004,0,0,0,0,0,0,0,0,Low,Windy
2022-12-18,3.1,1.1,4.4,0.0,0.0,0.0,6.3,22.68,14.3,51.480000000000004,0,0,0,0,0,0,0,0,Low,Windy
2022-12-19,1.7,0.0,3.9,0.0,0.0,0.0,7.2,25.92,15.2,54.72,0,0,0,0,0,0,0,0,Low,Windy
2022-12-20,1.9,0.0,4.4,0.0,0.0,0.0,5.2,18.720000000000002,11.6,41.76,0,0,0,0,0,0,0,0,Low,Breeze
2022-12-21,1.0,-1.6,5.0,0.0,0.0,0.0,2.1,7.5600000000000005,6.7,24.12,0,0,0,0,0,0,0,0,Low,Calm
2022-12-22,3.8,1.1,8.3,5.3,0.0,0.0,6.0,21.6,15.7,56.519999999999996,1,0,0,0,0,0,0,1,Medium,Windy
2022-12-23,7.5,-12.7,15.0,24.1,0.0,0.0,10.9,39.24,25.0,90.0,1,1,1,1,0,1,0,1,High,Very Windy
2022-12-24,-11.7,-13.8,-8.8,0.0,0.0,0.0,8.8,31.680000000000003,18.8,67.68,0,0,0,0,0,0,0,0,Low,Very Windy
2022-12-25,-6.9,-9.3,-2.1,0.0,0.0,0.0,7.4,26.64,15.2,54.72,0,0,0,0,0,0,0,0,Low,Windy
2022-12-26,-4.7,-7.1,-1.0,0.0,0.0,0.0,5.3,19.08,12.5,45.0,0,0,0,0,0,0,0,0,Low,Breeze
2022-12-27,-0.7,-1.6,1.7,0.0,0.0,0.0,4.4,15.840000000000002,10.7,38.519999999999996,0,0,0,0,0,0,0,0,Low,Breeze
2022-12-28,3.4,0.6,8.3,0.0,0.0,0.0,3.4,12.24,10.7,38.519999999999996,0,0,0,0,0,1,0,0,Low,Breeze
2022-12-29,6.4,3.3,10.6,0.0,0.0,0.0,3.4,12.24,7.2,25.92,0,0,0,0,0,0,0,0,Low,Breeze
2022-12-30,9.3,3.3,15.6,0.0,0.0,0.0,2.5,9.0,7.6,27.36,1,0,0,0,0,1,0,0,Low,Calm
2022-12-31,8.2,5.6,12.8,7.9,0.0,0.0,2.1,7.5600000000000005,6.7,24.12,1,1,0,0,0,1,0,1,Medium,Calm
